0,Rhinoceros Tanzanie,3,,,,,,,,0,,7
0,Bronze ibeji Bénin,3,,,,,,,,0,,7
0,Tête en bronze style Ifé Bénin,3,,,,,,,,0,,7
0,Reliquaire Kota Mahongué Gabon,1,,,,,,,,0,,0
0,Statuette féminine Bassa Liberia,2,,,,,,,,0,,11
0,Statuette masculine Tabwa Zaïre,2,,,,,,,,0,,11
0,Masque Marka Mali,7,,,,,,,,0,,11
0,Sceptre de danse Marka Mali,1,,,,,,,,0,,11
0,Plaque en bronze style Ifé Bénin,1,,,,,,,,0,,11
0,Statuette féminine Bambara Mali,2,,,,,,,,0,,11
0,Masque Mossi Burkina Faso,7,,,,,,,,0,,11
0,Masque Sépik Nouvelle Guinée,7,,,,,,,,0,,11
0,Reliquaire Mangwé Guinée,1,,,,,,,,0,,11
0,Tête en pierre Kissi Guinée,3,,,,,,,,0,,11
0,Tête de notable en fonte Yoruba Nigeria,3,,,,,,,,0,,11
0,Bronze de parade Yoruba Nigeria,3,,,,,,,,0,,11
0,Bronze roi assis Yoruba Nigeria,3,,,,,,,,0,,11
0,Bronze chasseur Yoruba Nigeria,3,,,,,,,,0,,11
0,Bronze ancêtre féminin Bura Mali,3,,,,,,,,0,,11
0,Masque Dan Côte d'Ivoire,7,,,,,,,,0,,15
0,Masque Marka Mali,7,,,,,,,,0,,15
0,Masque Karanga Mossi Burkina Faso,7,,,,,,,,0,,11
0,Masque Karanga Mossi Burkina Faso,7,,,,,,,,0,,11
0,Statuette en bronze Bambara Mali,2,,,,,,,,0,,11
0,Masque buffle Burkina Faso,7,,,,,,,,0,,4
0,Masque Kifwebe Songhye Congo,7,,,,,,,,0,,4
0,Marotte Sepik Nouvelle Guinée,7,,,,,,,,0,,4
0,Marotte Sepik Nouvelle Guinée,7,,,,,,,,0,,4
0,Soufflet de forge Fang Gabon,1,,,,,,,,0,,4
0,Couple en terre cuite Mangbetu Zaïre,3,,,,,,,,0,,9
0,Maternité en bois Sénoufo Côte d'Ivoire,1,,,,,,,,0,,9
0,Masque à bec d'oiseau Dan Côte d'Ivoire,7,,,,,,,,0,,9
0,Statuette chef Baoulé Côte d'Ivoire,2,,,,,,,,0,,4
0,Pipe à eau maternité Luba Zaïre,1,,,,,,,,0,,4
0,Masque bêlier Dan Côte d'Ivoire,7,,,,,,,,0,,7
0,Joueur de flute en bronze style Ifé Bénin,3,,,,,,,,0,,7
0,Deux statues moba Togo,3,,,,,,,,0,,7
0,Statuette masculine Dogon Mali,3,,,,,,,,0,,7
0,Fétiche Fon Bénin,1,,,,,,,,0,,7
0,Fétiche Fon Bénin,1,,,,,,,,0,,7
0,Masque passeport Dan Côte d'Ivoire,7,,,,,,,,0,,7
0,4 bronzes animaliers Bénin,3,,,,,,,,0,,4
0,Poignard de bras en os de casoar,1,,,,,,,,0,,4
0,2 statuettes Lobi Burkina Faso,2,,,,,,,,0,,4
0,Fétiche Songyé Congo,1,,,,,,,,0,,4
0,Fétiche prisonnier ? Zaïre,1,,,,,,,,0,,4
0,2 masques Wan Goli Baoulé Côte d'Ivoire,7,,,,,,,,0,,4
0,Pipe en bronze Bamiléké Cameroun,1,,,,,,,,0,,4
0,Ceinture de féticheur Nord Bénin,6,,,,,,,,0,,13
0,2 sculptures Tron Nord Bénin,3,,,,,,,,0,,13
0,Masque bélier Baoulé Côte d'Ivoire,7,,,,,,,,0,,13
0,Bronze Roi Bamoun Cameroun,3,,,,,,,,0,,15
0,Traverse de puits Niger,1,,,,,,,,0,,13
0,Autel Asen Bénin,1,,,,,,,,0,,13
0,Masque à cornes Dogon Mali,7,,,,,,,,0,,15
0,Chapeau de féticheur Namji Cameroun,6,,,,,,,,0,,15
0,Masque palette Sepik Nouvelle Guinée,7,,,,,,,,0,,4
0,Marionnette articulée Fang Gabon,1,,,,,,,,0,,4
0,Masque cagoule Cameroun,7,,,,,,,,0,,4
0,Fétiche Fon Bénin,1,,,,,,,,0,,15
0,Mahongwe Bakota Gabon,,,,,,,,,0,,15
0,Pectoral de sorcier kifwebe songye RDC,,,,,,,,,0,,15
0,Masque Kanaga Dogon Mali,7,,,,,,,,0,,15
0,Boliw Bambara Mali,,,,,,,,,0,,5
0,Masque passeport Dan Côte d'Ivoire,7,,,,,,,,0,,5
0,Batteur à chaux Sépik Nouvelle Guinée,,,,,,,,,0,,5
0,Fétiche Fon Bénin,1,,,,,,,,0,,5
0,Deux cavaliers en bronze Kotoko Tchad,3,,,,,,,,0,,5
0,Courge de féticheur Bamileke Cameroun,1,,,,,,,,0,,4
0,Statue Mumuye Nigeria,2,,,,,,,,0,,13
0,Fétiche féminin Bariba Bénin,1,,,,,,,,0,,13
0,Fétiche Ewe Togo,1,,,,,,,,0,,13
0,Fétiche Tron Bénin,1,,,,,,,,0,,13
0,Deux monnaies Mumuye Nigeria,1,,,,,,,,0,,5
0,Monnaie Idoma Nigeria,1,,,,,,,,0,,5
0,Masque Mumye Nigeria,7,,,,,,,,0,,5
0,Masque Kurumba Mali,7,,,,,,,,0,,5
0,Fétiche caméléon Fon Bénin,,,,,,,,,0,,5
0,Fétiche bouteille Fon Bénin,,,,,,,,,0,,5
0,Fétiche figurine Fon Bénin,,,,,,,,,0,,5
0,Fétiche Fon Togo,,,,,,,,,0,,3
0,Statue d'autel Lobi Burkina Faso,2,,,,,,,,0,,3
0,Statuette Goemai Nigeria,2,,,,,,,,0,,4
0,Grand fétiche Fon Togo,,,,,,,,,0,,13
0,Fétiche couple Fon Bénin,,,,,,,,,0,,13
0,Fétiche Fon à cadenas à l'oreille Bénin,,,,,,,,,0,,13
0,Fétiche Fon 3 figures sur corne Bénin,,,,,,,,,0,,13
0,Fétiche Ewe Togo en blanc avec cauris,,,,,,,,,0,,13
0,Fétiche Adan Ghana couple dos à dos,,,,,,,,,0,,13
0,Poterie Couple sur animal Ewe Togo,3,,,,,,,,0,,13
0,Terra cotta Tête Ibo Nigeria,3,,,,,,,,0,,13
0,Poterie Mammy Wata Ewe Togo,3,,,,,,,,0,,13
0,Masque frontal de chasse Nupé Nigeria,7,,,,,,,,0,,13
0,Hache cérémonielle Mount Hagen Papouasie,1,,,,,,,,0,,4
0,Fétiche babouin Baoulé Côte d'Ivoire,,,,,,,,,0,,15
0,Petite statue féminine Nord Togo,2,,,,,,,,0,,7
0,Couple Nigéria,,,,,,,,,0,,7
0,Fétiche féminin Namji Cameroun,,,,,,,,,0,,7
0,Petit fétiche Ewe bleu Togo,,,,,,,,,0,,7
0,"Fétiche féminin ""assourdi"" Bariba ? Bénin",,,,,,,,,0,,7
0,Couple bronze Akan Ghana,3,,,,,,,,0,,15
0,Petite statue masculine Moba ? Togo,2,,,,,,,,0,,7
0,"Fétiche Fon ""abstrait"" Togo",,,,,,,,,0,,7
0,Petit fétiche féminin Moba ? Togo,,,,,,,,,0,,7
0,Fétiche ibeji Fon Togo,,,,,,,,,0,,7
0,"Fétiche ""femme en offrande"" Fon ? Bénin",,,,,,,,,0,,7
0,Fétiche féminin Ewe Togo avec cape et cauris,,,,,,,,,0,,7
0,Hache fétichée Fon Togo,1,,,,,,,,0,,7
0,Fétiche bleu Adja Ewe ou Bariba Togo,,,,,,,,,0,,7
0,Fétiche os et perles Fon Togo,,,,,,,,,0,,7
0,Poupée de fécondité Fali Nord Cameroun,,,,,,,,,0,,15
0,Fétiche de fécondité Mali,,,,,,,,,0,,15
0,2 bois sculptés Leti Micronésie,,,,,,,,,0,,15
0,Piquet à tête de perroquet Sepik Nlle Guinée,1,,,,,,,,0,,4
0,Poteau funéraire Janus Fon Bénin,1,,,,,,,,0,,4
0,Fétiche fon femme et jumeaux Togo,,,,,,,,,0,,3
0,Flacon fon Ghana,,,,,,,,,0,,3
0,Boule de justice Vili Congo,,,,,,,,,0,,3
0,Trois petits masques Sepik Nlle Guinée,,,,,,,,,0,,4
0,Tapa papou Nlle Guinée,,,,,,,,,0,,4
0,Autel chamanique Népal,,,,,,,,,0,,3
0,Fétiche Gâ Togo,,,,,,,,,0,,3
0,Tête Nok Nigeria,,,,,,,,,0,,3
0,Masque de circoncision Yaka R.D. Congo,,,,,,,,,0,,3
0,Fétiche Fon Bénin bisexué avec érection,,,,,,,,,0,,13
0,Squelette Ibibio Nigeria,,,,,,,,,0,,13
0,Masque de singe Songye Congo,,,,,,,,,0,,13
0,2 pectoraux Sepik Nlle Guinée,,,,,,,,,0,,13
0,2 crânes de singe Afikpo Nigeria,,,,,,,,,0,,13
0,Masque porc épic Chokwe Congo,,,,,,,,,0,,13
0,Fétiche Ewe couple face à face Togo,,,,,,,,,0,,3
0,Barque votive Fon Bénin,,,,,,,,,0,,3
0,Fétiche pendentif à cauris Fon Bénin,,,,,,,,,0,,3
0,Naghili Népal,,,,,,,,,0,,3
0,Bronze bélier Jaherkot Népal,,,,,,,,,0,,3
0,Terre cuite Ganesha Népal,,,,,,,,,0,,3
0,Deux colliers Papou Nlle Guinée,,,,,,,,,0,,4
0,Pectoral Papou Nlle Guinée,,,,,,,,,0,,4
0,Statue d'ancêtre Lobi Burkina Faso,,,,,,,,,0,,3
0,Fétiche Ewe Togo,,,,,,,,,0,,3
0,Statuette Bamana Mali,,,,,,,,,0,,3
0,Masque Toma Libéria,,,,,,,,,0,,3
0,Chamane en bronze Jaherkot Népal,,,,,,,,,0,,3
0,Moulage Emile Torday torse Bakuba Congo,,,,,,,,,0,,15
0,Fétiche Ewe Togo chasseur armes & gourde,,,,,,,,,0,,13
0,Fétiche Fon Bénin petit couple,,,,,,,,,0,,13
0,Paire de crânes fétichés de petits singes,,,,,,,,,0,,13
0,Fétiches Ewe Fon Togo couple paillé,,,,,,,,,0,,13
0,Grand fétiche Ewe Fon Togo paillé,,,,,,,,,0,,13
0,Fétiche Songye Congo,,,,,,,,,0,,4
0,Fétiche Mumuye Nigeria,,,,,,,,,0,,4
0,Piquet fétiche Ba Congo,,,,,,,,,0,,4
0,Panthère en bronze Bénin,,,,,,,,,0,,4
0,Ganesha en bronze Inde,,,,,,,,,0,,4
0,Féticheur en bois Fon Bénin,,,,,,,,,0,,13
0,Hachette fétichée Fon Bénin,,,,,,,,,0,,13
0,4 crânes de singe fétichés Bénin,,,,,,,,,0,,13
0,3 têtes en terre crue M'Bari Ibo Nigeria,,,,,,,,,0,,13
0,Masque Chokwe Dilolo R.D. Congo,,,,,,,,,0,,13
0,2 emblèmes Ejagham Nigeria,,,,,,,,,0,,3
0,Oiseau Cham en terre cuite Nigeria,,,,,,,,,0,,3
0,Figure Cham en terre cuite Nigeria,,,,,,,,,0,,3
0,Figure Nok en terre cuite Nigeria,,,,,,,,,0,,3
0,Masque d'antilope Nunna Burkina Faso,,,,,,,,,0,,3
0,Masque Mossi Burkina Faso,,,,,,,,,0,,3
0,Masque de chaman en bassin d'ours Népal,,,,,,,,,0,,3
0,Masque Dogon ancien érodé Mali,,,,,,,,,0,,3
0,Statuette Tiv Nigeria XIXe,,,,,,,,,0,,15
0,Tête de femme en pierre Dogon XVIIIe Mali,,,,,,,,,0,,15
0,Fétiche de chasseur Lobi Burkina Faso,,,,,,,,,0,,15
0,Maternité M'bembe Congo,,,,,,,,,0,,13
0,Singe Békré Baoulé Côte d'Ivoire,,,,,,,,,0,,3
0,Fétiche Fon Bénin 2 trous dans poitrine,,,,,,,,,0,,3
0,2 sifflets Bariba Togo,,,,,,,,,0,,3
0,Poisson en terre cuite Mumuye Nigeria,,,,,,,,,0,,3
0,3 lions en terre cuite Bénin,,,,,,,,,0,,3
0,Fétiche Fon janus unijambiste Bénin,,,,,,,,,0,,3
0,Fétiche Fon ibeji avec os Bénin,,,,,,,,,0,,3
0,Masque de chaman en bouse Népal,,,,,,,,,0,,3
0,Oracle à souris Baoulé Côte d'Ivoire,,,,,,,,,0,,3
0,Poignard en os de casoar Sepik Nlle Guinée,,,,,,,,,0,,4
0,Petite statuette fétichée Tanzanie,,,,,,,,,0,,4
0,Poteau legba Bénin,,,,,,,,,0,,4
0,Chien en terre cuite origine ?,,,,,,,,,0,,4
0,Vase lama précolomb. en terre cuite Pérou,,,,,,,,,0,,4
0,2 tubes en terre cuite Bura Niger,,,,,,,,,0,,13
0,Crâne de singe gravé Bornéo,,,,,,,,,0,,13
0,Collier patte de casoar et dents Bornéo,,,,,,,,,0,,13
0,Couronne crâne de crocodile Bornéo,,,,,,,,,0,,13
0,Collier tête de casoar et dents Bornéo,,,,,,,,,0,,13
0,Collier crâne de singe et dents Bornéo,,,,,,,,,0,,13
0,Poterie Fon Bénin,,,,,,,,,0,,3
0,Statue Mossi Burkina Faso,,,,,,,,,0,,3
0,Boîte en bois Yoruba Nigéria,,,,,,,,,0,,3
0,Fétiche avec panier et esprit Fon Bénin,,,,,,,,,0,,3
0,Masque Guéré ethnie Wé Côte d'Ivoire,,,,,,,,,0,,13
0,2 crânes de singes fétichés Fon Bénin,,,,,,,,,0,,13
0,Crâne de cheval ligaturé Ibo Nigéria,,,,,,,,,0,,13
0,Personnage assis yeux rouges Fon Bénin,,,,,,,,,0,,13
0,Fétiche à genoux mains jointes Fon Bénin,,,,,,,,,0,,13
0,Terre cuite tête de lion Bénin,,,,,,,,,0,,13
0,Crâne d'oiseau sculpté,,,,,,,,,0,,13
0,Fétiche Ofo Ibo Nigeria,,,,,,,,,0,,3
0,Petit masque Toma Liberia,,,,,,,,,0,,3
0,Coiffe Naga avec singe Népal,,,,,,,,,0,,15
0,Singe mendiant Baoulé Côte d'Ivoire,,,,,,,,,0,,15
0,Crâne de gorille fétiché Villi Congo,,,,,,,,,0,,3
0,Plateau de mariage Yoruba Nigéria,,,,,,,,,0,,3
0,Masque Ikiti Yoruba Nigéria,,,,,,,,,0,,3
0,Fétiche Suku Yaka Congo,,,,,,,,,0,,4
0,Masque terre cuite Nazca Pérou,,,,,,,,,0,,4
0,Autel Kachamol Guinée,,,,,,,,,0,,4
0,Femme Yoruba Nigéria,,,,,,,,,0,,4
0,Femme Yoruba Nigéria,,,,,,,,,0,,4
0,Bâton marionnette Bambara Mali,,,,,,,,,0,,4
0,Statue féminine rongée ?,,,,,,,,,0,,4
0,Bronze marin portuguais Bénin,,,,,,,,,0,,4
0,Masque oiseau Burkina Faso,,,,,,,,,0,,4
0,Masque Nouvelle Guinée,,,,,,,,,0,,4
0,Masque Bali,,,,,,,,,0,,4
0,Bâton marionnette Kuyu Congo,,,,,,,,,0,,4
0,Collier chaman à crânes et dents Bornéo,,,,,,,,,0,,13
0,Fétiche à cornes Fon Bohicon Bénin,,,,,,,,,0,,13
0,Fétiche à taquets Ouidah Bénin,,,,,,,,,0,,13
0,Fétiche ovale à crin Fon Ouidah Bénin,,,,,,,,,0,,13
0,Crânes de tortues chaman Amazonie,,,,,,,,,0,,13
0,Bronze femme guerrière Bénin 1910,,,,,,,,,0,,4
0,Fétiche féminin Nigéria,,,,,,,,,0,,4
0,Boccio Fon Nigéria,,,,,,,,,0,,3
0,Statue Lobi Burkina Faso,,,,,,,,,0,,3
0,Collier Kina Nouvelle Guinée,,,,,,,,,0,,3
0,Fétiche Ewe Bénin,,,,,,,,,0,,3
0,Bêtise Lobi Burkina Faso,,,,,,,,,0,,3
0,Fétiche Fon Bénin,,,,,,,,,0,,3
0,Autel de dévotion Osanyn Yoruba Nigéria,,,,,,,,,0,,3
0,4 bâtons de divination Fa Ouidah Fon Bénin,,,Collection Gabriel MASSA,,,,,,0,,4
0,Bâton de Fa homme agenouillé Ekiti Nigeria,,,Collection Gabriel MASSA,,,,,,0,,4
0,Grande poupée Mossi Burkina Faso,,,Collection Gabriel MASSA,,,,,,0,,4
0,3 poupées de fertilité Biga Mossi Burkina Faso,,,"Collection Gabriel MASSA : Biga = enfant; région de Boulsa, Kya, Ouagadougou",,,,,,0,,4
0,Statuette Nkisi Zaïre à reliquaire abdominal,,,,,,,,,0,,4
0,Fétiche aux cadenas Bohicon Fon Bénin,,,,,,,,,0,,13
0,Fétiche abstrait amas Bohicon Fon Bénin,,,,,,,,,0,,13
0,"Fétiche femme, enfant, mâchoire Nago Bénin",,,,,,,,,0,,13
0,2 crânes de singes fétichés Fon Bénin,,,,,,,,,0,,13
0,Fétiche de chasse buffle Zigua Tanzanie,,,,,,,,,0,,10
0,Masque Baoulé Côte d'Ivoire,,,,,,,,,0,,13
0,2 coiffes de danse Kabyé Togo,,,,,,,,,0,,13
0,Crâne de cervidé sculpté Bali,,,,,,,,,0,,13
0,Statue féminine Ewe Ghana,,,"Le personnage tient ses seins, de longs colliers de perles orne son torse. ","Bois, caolin, peinture et perle. ",71,,,,0,,13
0,Masque de danse Dan Côte d'Ivoire,,,,"Bois, fibre végétale, patine ancienne et charges magique sur le front. ",21,,,,0,,13
0,Sac de féticheur Bamana ou Dogon Mali,1,,Dans un cadre avec vitre 72cm. ,"Tissu, bois, plumes, fibres végétale et charge magique,",57,,,,0,,13
0,Oiseaux en perle Osanyn Yoruba Nigeria,,"Yoruba, Nigéria",Représentation d'oiseaux en perles,,,,,,0,,13
0,Crâne de crocodile fétiché Fon Bénin,,,,,,,,,0,,13
0,Marionnette Bambara Mali,,,,,,,,,0,,3
0,Poisson terre cuite Ijo Nigéria,,,,,,,,,0,,3
0,Fétiche Yoruba Nigéria,,,,,,,,,0,,3
0,Lampe à huile bronze Baoulé Côte d'Ivoire,,,,,,,,,0,,3
0,Fétiche sur tesson Nago Bénin,,,,,,,,,0,,3
0,2 caméléons bronze asen Fon Bénin,,,,,,,,,0,,3
0,2 bronzes XVe Sao Tchad,,,,,,,,,0,,3
0,Fétiche Luba Hemba Zaïre,,,,,,,,,0,,15
0,Masque Matapa Zaïre Angola,,,Collection Marc Ducret,,,,,,0,,8
0,Fétiche Nkissi Kongo Zaïre,,,,,,,,,0,,15
0,Fétiche cadenas double charge Fon Bénin,,,,,,,,,0,,4
0,Fétiche coupelle avec groupe Ewe Bénin,,,,,,,,,0,,4
0,Fétiche Boccio Fon Bénin,,,Grand (ancienne collection Barth),,,,,,0,,8
0,Fétiche double dos à dos Adan Ghana,,,Couple Ada ou Adjan (ancienne collection Barth),,,,,,0,,8
0,Petit boccio 3 statuettes mâchoire Fon Bénin,,,,,,,,,0,,8
0,Fétiche Abron Côte d'Ivoire,,,,,,,,,0,,3
0,Fétiche chasse mouche Fon Bénin,,,,,,,,,0,,3
0,"Fétiche ""porteuse d'eau"" Fon Bénin",,,,,,,,,0,,3
0,Sifflet en bois Burkina Faso,,,,Bois et cuir,,,,,0,,3
0,Terre cuite caïman Ewe Togo,,,,Terre cuite et Kaolin,,,,,0,,3
0,"Fétiche Ewe Togo bois, cordes, tissus",,,,Matière sacrificielle,,,,,0,,3
0,Plateau de divination Ifa Yoruba Nigeria,,,,,,,,,0,,3
0,Costume d'Egun Togo,,,,,,,,,0,,10
0,Mère des boli Dogon Mali,1,Mali,Calebasse fétiche,,,,,,0,,10
0,Fétiche femme à genoux Bariba Nigeria,,,,,,,,,0,,8
0,Fétiche femme au serpent Ewe Togo,,,,,,,,,0,,8
0,Fétiche Fon avec pierre de foudre Bénin,,,,,,,,,0,,8
0,Fétiche Fon triplé Bénin,,,,,,,,,0,,8
0,Fétiche Fon aux flacons Bénin,,,,,,,,,0,,8
0,Fétiche Fon/Adja sur pot Nigeria,,,,,,,,,0,,8
0,Statuette Senoufo ( boîte à médecine. ) Côte d'Iv.,,,,,,,,,0,,8
0,Poupée Bembe Muzidi RDC,,,,,,,,,0,,8
0,Boccio à double personnage Fon Bénin,,,Publié dans catalogue Nov 2011 de la galerie Atelier - obj n°3,,114,,,,0,,13
0,Boccio à charge Fon Bénin,,,Publié dans catalogue Nov 2011 de la galerie Atelier  - obj n°4,,76,,,,0,,13
0,Fétiche blanc végétal Ewe Togo,,,Publié dans catalogue Nov 2011 de la galerie Atelier - obj n°6,,45,,,,0,,13
0,Fétiche sceptre à crin Fon Bénin,,,Publié dans catalogue Nov 2011 de la galerie Atelier - obj n°11,,55,,,,0,,13
0,Fétiche aux cadenas Fon Bénin,,,Publié dans catalogue Nov 2011 de la galerie Atelier - obj n°2 / Publié dans Tribal Art n°62 hiver 2011,,65,,,,0,,13
0,Fétiche couple aux cauris Ewe Togo,,,Publié dans catalogue Nov 2011 de la galerie Atelier - obj n°7,,40,,,,0,,13
0,Bracelet de féticheur Fon Bénin,,,Publié dans catalogue Nov 2011 de la galerie Atelier - obj n°12,,15,,,,0,,13
0,Crâne de babouin fétiché Fon Bénin,,,,,,,,,0,,13
0,Fétiche sur harpon Fon Bénin,,,,,,,,,0,,3
0,Fétiche tron Fon Bénin,,,,,,,,,0,,3
0,"Fétiche tissus, cordes Ewe Togo",,,,,,,,,0,,3
0,Fétiche deux personnages Fon Bénin,,,,,,,,,0,,3
0,"Fétiche grand avec fer, bois, tissus Fon Bénin",,,,,,,,,0,,3
0,Masque rouge Ekiti Nigeria,1,,Calebasse,"Tissu, pigments, peinture et fibres végétales",36,,,,0,,13
0,3 masques fétichés Komo Mali,,,,"Bois, matière sacrificielles, cornes, fibres végétales",,,,,0,,10
0,Masque à igname vannerie Sepik Nlle Guinée,,,"Coloré de pigments naturels représentant un oiseau stylisé, comportant une haute crête. Masque dit igname car il était offert au paysan du village qui avait produit le plus bel igname. Epoque antérieur 1950",,,,,,0,,15
0,Masque à igname vannerie Sepik Nlle Guinée,,,"Coloré de pigments naturels représentant un oiseau stylisé, comportant une haute crête. Masque dit igname car il était offert au paysan du village qui avait produit le plus bel igname. Epoque antérieur 1950",,,,,,0,,15
0,Masque heaume vannerie Baba Nlle Guinée,,Peuple Abelam,Masque de danse nommé Baba. Epoque antérieur 1950.,,,,,,0,,15
0,Cache sexe Iatmul Nlle Guinée,,Ethnie Yatmul,Cache sexe. Moyen Sépik. ,"Coquillages, cauries, aile de roussette, cheveux humains et plumes",42,,,,0,,15
0,Fétiche Fon à la cloche Bénin,,,,,,,,,0,,3
0,Pot en vannerie fétiché Guéré Côte d'Ivoire,,,,,,,,,0,,3
0,Poupée Namji Cameroun,,,,,,,,,0,,3
0,"Fétiche Aja ""couronné"" Nigeria",,,,,,,,,0,,3
0,Fétiche Ewe bois métal Togo,,,,,,,,,0,,3
0,"Poupée Bembe Muzidi RDC ( ""maracas"" )",,,,,,,,,0,,8
0,Fétiche homme miroir et offrande Ewe Togo,,,,,,,,,0,,8
0,Statue cavalier Dogon fétichée Mali,,,Collection ANDRE,,,,,,0,,8
0,Pilon Dogon Mali,,,Collection SAND,,,,,,0,,8
0,Fétiche Fon à pots et métal Bénin,,,,,,,,,0,,8
0,Fétiche Fon féminin Bénin,,,,,,,,,0,,14
0,Fétiche carquois nord Togo,,,,,,,,,0,,14
0,Petit fétiche ithyphalique Fon Bénin,,,,,,,,,0,,14
0,Petit fétiche boli Dogon Mali,,,,,,,,,0,,14
0,Fétiche blanc Adja aux cadenas Bénin,,,,,,,,,0,,14
0,Appui-tête Nuppé ou Calabar Nigeria,,,,,,,,,0,,14
0,Fétiche colon en short Bénin,,,,,,,,,0,,14
0,Couple d'ancêtres Adan Togo,,,,,,,,,0,,3
0,Hyène en bronze Fon Togo,,,,,,,,,0,,3
0,Tête de marionnette Yoruba Bénin,,,,,,,,,0,,3
0,Triade Moba Togo,,,,,,,,,0,,3
0,Fétiche un bras une jambe un phalle Fon Bénin,,,Cadenas fermant la bouche,Platine sacrificielle noire.,58,,,,0,,14
0,Mamy Wata bois polychrome Ewe Togo,,,,Bois polychrome et patine scratificiel,34,,,,0,,14
0,Couple assis terre cuite Kongo RDC,,,Issu collecton privée Belge,Terre cuite et pigments. ,31,,,,0,,14
0,Terra cotta buste Sokoto Nigeria,,,,,,,,,0,,14
0,Bâton magique Yoruba Nigeria,,,,,,,,,0,,3
0,Masquette Bobo Burkina Faso,,,,,,,,,0,,3
0,Fétiche petit baigneur Fon Bénin,,,,,,,,,0,,3
0,Fétiche bois tissu rouge Ewe Bénin,,,,,,,,,0,,3
0,Fétiche Mbugu Tanzanie,,,Soclé. Première moitié du 20e siècle,"Bois, cuir, corne, tissus, fibres végétales. ",,,,,0,,10
0,Calebasse à médication Fipa Tanzanie,1,,Fin 19e / début 20e,"Calebasse, bois, fibre végétale",,,,,0,,10
0,Petit crâne de singe sculpté Bornéo,5,,"Crâne de rongeur gravé, objets de chamane",,,,,,0,,14
0,Petit crâne de mustélidé sculpté Bornéo,5,,"Crâne de rongeur gravé, objets de chamane",,,,,,0,,14
0,Masque Dan avec barbe Côte d'Ivoire,,,,"bois, matières magiques, patine d'usage et poils de singe",37,,,,0,,14
0,Sirène Bozo Mali,,,Ramené en France en 1970. Ex collection privée Paris.,"bois polychrome, métal et fil.",120,,,,0,,14
0,Fétiche 3 taquets Fon Bénin,,,Bouche et oreilles,,25,,,,0,,14
0,Fétiche 1 taquet et tête croco Fon Bénin,,,Personnage sur piquet à 1 jambe,,63,,,,0,,14
0,Fétiche boccio une jambe Fon Bénin,,,Personnage sur piquet un taquet au torse,,32,,,,0,,14
0,Grand fétiche asen et miroir Fon Bénin,,,,,,,,,0,,14
0,Maternité royale Agni Nord Côte d'Ivoire,,,,,,,,,0,,14
0,Féminité Dogon très érodée Mali,,,,,,,,,0,,14
0,Tête de femme haut de harpe Fang Gabon,,,Collection P. VOKAER,,,,,,0,,8
0,Couple Yoruba en bronze Ogboni Nigeria,,,Collection SAND,,,,,,0,,8
0,Masque en racine de bambou Népal,,,Ref G.Toffin,,,,,,0,,8
0,3 gourdes à médecine Niamwezi Tanzanie,,,Ex collection Polonaise,,,,,,0,,8
0,Couple Kongo au crâne de singe Congo,,,,,,,,,0,,9
0,Fétiche Kongo à barbe cloutée Congo,,,,,,,,,0,,9
0,Couple Ibeji aux cauris Nigeria,,,,,,,,,0,,9
0,Masque tortue Afrique ? Népal ?,,,,,,,,,0,,9
0,Grand squelette Ibibio Nigeria,,,"Rare représentation monoxyle d'un squelette dans une cage végatale. Pièce centrale de l'expo ""esprit de l'au-delà"" Novembre 2012","Bois polychrome, tissus. ",153,,,,0,,14
0,Couple fétiche Fon Bénin,2,,"Couple à l'épaisse croute de sang, statuettes en bois","Sang, bois",,,,,0,,14
0,Fétiche féminin Ewe Togo,,,Superbe représentation féminine,"bois, tissus, fibres végétales, os",,,,,0,,14
0,Habit de chasseur Mali,6,,Habit de cérémonie lié à la chasse. ,"Encadrement en bois et plexiglas. Tissu, miroirs, os, charges magique...",,,,,0,,14
0,Masque Tchokwé RDC Angola,,,Collection Alphonse BOMMEL Berlin,,,,,,0,,8
0,Masque Idoma Nigeria,,,Collection Serge CORNOT,,,,,,0,,8
0,Tambour à fente Sukuma Tanzanie,,,,,,,,,0,,3
0,Bracelet Fon en argent Bénin,,,,,,,,,0,,3
0,2 bracelets Fon de féticheurs Bénin,,,,,,,,,0,,3
0,Terra cotta Mamy Wata janus Ewe Togo,3,,Poterie issue de cultes Vaudou lié à Mamy Wata. ,"Terre cuite, pigments, kaolin et libations",,,,,0,,14
0,Trois statuettes Chamba Nigeria,2,,"Statuettes féminines. Comprend une statuette à deux visages, dos à dos, portant deux bébés. Les deux autres représentent deux personnages féminins simples",,,,,,0,,14
0,Masque Toma Liberia,,,Représentant un visage abstrait surmonté de deux paires de cornes en bois. Le centre du visage est composé d'une charge magique ronde et volumineuse.,,,,,,0,,14
0,Fétiche Fon savec noix Fon Aklalou Togo,,,"Piquet représentant un personnage debout, une coco de mer sur le ventre",,,,,,0,,14
0,Trois colliers pectoraux Bornéo,,,Type pectoraux de ceremonie présenté sur socle métal et bois. ,"Corail poli, coquillage, fibres naturelles, plumes",34,,,,0,,14
0,Crâne de buffle sculpté Bali,,,Représentation du dieu Ganesh dans cette fine gravure reflète l'influence Hindouiste,,64,59,,,0,,14
0,Masque de buffle Bidjago Guinée Bissao,3,,Pièce du début du 20e siècle. Belle polychromie (pièce souvent repeintes). ,"Incrustation pour les yeux de verre et métal, sculpture assemblé avec une de cornes véritables. ",30,65,,,0,,14
0,Plaque crocodile en bronze Bénin 19e,,,,,,,,,0,,14
0,Terre cuite être fantastique Benue Nigeria,3,"Région de la valée de la Bénoué, Nigéria","Terre cuite dite de surface, couleur grise. Représentations de personnage au style archaïque. ",,,,,,0,,14
0,Terre cuite être fantastique Benue Nigeria,3,"Région de la valée de la Bénoué, Nigéria","Terre cuite dite de surface, couleur grise. Représentations de personnage au style archaïque. ",,,,,,0,,14
0,Ibeji Yoruba Nigeria,2,Négéria,"Statuette masculine dite Ibedji, belle platine d'usage. Culture Yoruba.",Bois,32,,,,0,,14
0,Kina de chef avec écrin Nlle Guinée,,,,,,,,,0,,15
0,Hache rituelle en néphrite Nlle Guinée XIXe,,,,,,,,,0,,15
0,Serrure Dogon couple primordial Mali,,,,,,,,,0,,1
0,Serrure Dogon fétichée Mali,,,,,,,,,0,,1
0,Masque Guéré Côte d'Ivoire,,,,,,,,,0,,1
0,Masque buffle Malenké Nord Mali,,,,,,,,,0,,1
0,Statuette en terre Bankoni Mali,,,,,,,,,0,,1
0,Tron pot tête oiseau couteaux Nord Bénin,,,,,,,,,0,,10
0,Tron cloche fétichée tête singe Nord Bénin,,,,,,,,,0,,10
0,Fétiche janus bleu Ewe Bénin,,,,,,,,,0,,10
0,Poulie Djimini Côte d'Ivoire,,,,,,,,,0,,3
0,Fétiche femme tenant un tabouret Ewe Togo,,,,,,,,,0,,3
0,Masque Ibo cuir cordage Nigéria,,,,,,,,,0,,3
0,Petit chien Lobi Burkina Faso,,,,,,,,,0,,8
0,Petit chien Lobi Burkina Faso,,,,,,,,,0,,2
0,Tron corne tête oiseau Nord Bénin,,,,,,,,,0,,10
0,Couple Fon bandeletté Bénin,,,,,,,,,0,,10
0,Masque heaume Bidjago Guinée Bissao,,,,,,,,,0,,3
0,Crâne fétiché de chimpanzé Villi Congo,,,,,,,,,0,,3
0,Lampe huile en scrotum de yack Népal,,,,,,,,,0,,3
0,Terre cuite cavalier Bariba Nigeria,,,,,,,,,0,,3
0,Cheval votif Inde du Nord,,,,,,,,,0,,3
0,Masque cracheur de feu Burkina Faso,,,,,,,,,0,,1
0,Masque bélier Bozo Mali,,,,,,,,,0,,1
0,Masque Ekiti Nigeria,,,,,,,,,0,,1
0,Serrure croûteuse Dogon Mali,,,,,,,,,0,,1
0,Déesse en bois Guanyin Chine XIXe,,,,,,,,,0,,2
0,Singe en bois Fon Bénin,,,,,,,,,0,,3
0,Sacoche fétichée Fon Bénin,,,,,,,,,0,,3
0,Fétiche calebasses crânes Fon Bénin,,,,,,,,,0,,3
0,Crâne ourang outan Asmat Papouasie,,,,,,,,,0,,3
0,Poupée fétiche Bulu Fang Gabon,,,,,,,,,0,,3
0,Statue d'ancêtre Losso Togo,,,,,,,,,0,,3
0,Parure guerrier casoar Asmat Papouasie,,,,,,,,,0,,3
0,Masque Bozo bélier cornu Mali,,,,,,,,,0,,1
0,Canne Tiv bronze Nigeria,,,,,,,,,0,,1
0,Masque Dogon bois tissu cornes Mali,,,,,,,,,0,,1
0,Masque Kono Mali,,,,,,,,,0,,1
0,Statue Wurkum Nigeria,,,,,,,,,0,,1
0,Statue Moba Togo,,,Pierre AMEROUCHE,,,,,,0,,1
0,Crâne de babouin Fon Bénin,,,,,,,,,0,,3
0,Rostre d'espadon Dayak Bornéo,,,,,,,,,0,,3
0,Fétiche Fang Bulu Cameroun,,,,,,,,,0,,3
0,Fétiche double + couple Fon Aja Togo,,,,,,,,,0,,3
0,Phallus Legba Togo,,,,,,,,,0,,3
0,Fétiche fon aux cadenas Bénin,,,,,,,,,0,,1
0,Attributs de devin Liberia colliers bracelet,,,,,,,,,0,,1
0,Deux becs de canards fétichés Fon Bénin,,,,,,,,,0,,1
0,Bec d'ibis fétiché Fon Bénin,,,,,,,,,0,,1
0,Crâne de cheval Ibo Nigeria,,,,,,,,,0,,1
0,"Gris gris de protection ""islam"" Fon Bénin",,,,,,,,,0,,1
0,Statuette en terre cuite Tanzanie,,,,,,,,,0,,1
0,Coussin de selle touareg Niger,,,,,,,,,0,,1
0,Fétiche d'autel Crocodile Ewe Togo,,,,,,,,,0,,2
0,Fétiche bouteille Nago Bénin,,,,,,,,,0,,2
0,Fétiche tron Fon Bénin,,,,,,,,,0,,2
0,Fétiche tron Fon Bénin,,,,,,,,,0,,2
0,Crâne trophée Asmat Nlle Guinée,,,,,,,,,0,,3
0,Cloche en bronze Yoruba XVIIIe Nigeria,,,,,,,,,0,,3
0,Lion Yali XVIIIe Inde du Sud,,,,,,,,,0,,3
0,Cheval en bois Rajasthan Inde,,,,,,,,,0,,3
0,Masque du Népal Nord ( collecte 1970 ),,,,,,,,,0,,1
0,Masque Owo Ekiti Nigeria,,,,,,,,,0,,1
0,"Crâne à ""bonnet"" Asmat Nlle Guinée",,,,,,,,,0,,3
0,Crâne Orang outan femelle Dayak Bornéo,,,,,,,,,0,,3
0,Fétiche à la machoire Fon Bénin,,,,,,,,,0,,1
0,Paire en terracota de Vénus Bénoué River,,,,,,,,,0,,1
0,Petit fétiche à la corne Nago Bénin,,,,,,,,,0,,15
0,Canne fétichée Fon Bénin,,,,,,,,,0,,15
0,Sceptre sorcier Gurague Ethiopie,,,,,,,,,0,,10
0,Fétiche Tron Fon Bénin bec et pattes oiseau,,,,,,,,,0,,10
0,Fétiche poupon dans bocal Fon Bénin,,,,,,,,,0,,10
0,Calebasse médicinale canard Fon Bénin,,,,,,,,,0,,2
0,"Jumeaux ""fusionnés"" Fon Bénin",,,,,,,,,0,,2
0,Chien Senoufo fétiché Côte d'Ivoire,,,,,,,,,0,,1
0,Calebasse médicinale Fon Bénin,,,,,,,,,0,,1
0,Masque Senoufo au Caméléon Côte d'Iv.,,,,,,,,,0,,1
0,Crâne d'Ibis fétiché Fon Bénin,,,,,,,,,0,,1
0,Poupée chiffons Ibo Nigéria,,,,,,,,,0,,1
0,Fétiche Fon allongé et crâne de singe Bénin,,,,,,,,,0,,2
0,Fétiche Tron Fon crâne de babouin Bénin,,,,,,,,,0,,2
0,Fétiche crâne de singe shango Bénin,,,,,,,,,0,,2
0,Crâne trophée Asmat Nlle Guinée,,,,,,,,,0,,3
0,Fétiche Fon shango à cadenas Bénin,,,,,,,,,0,,10
0,Tabouret de mariage Gurunsi Burkina Faso,,,,,,,,,0,,10
0,Grand poteau Nago Nigeria,,,,,,,,,0,,1
0,Poteau Fang bois noir Gabon,,,,,,,,,0,,4
0,Poteau Fang bois naturel Gabon,,,,,,,,,0,,4
0,"Fétiche Fon ""loup-garou"" Bénin",,,,,,,,,0,,1
0,Terracota disque lune Akhan Ghana,,,,,,,,,0,,1
0,Mumuyé Bénué Nigeria,,,,,,,,,0,,1
0,Phallus Fon sur figure féminine Bénin,,,,,,,,,0,,1
0,Fétiche Tron Fon Bénin,,,,,,,,,0,,2
0,Fétiche aux crânes Fon Bénin,,,,,,,,,0,,2
0,Sceptre Shango Yoruba Nigeria,,,,,,,,,0,,2
0,Fétiche Gen région de Vogan Togo,,,,,,,,,0,,2
0,Mamy Wata bois Togo,,,,,,,,,0,,1
0,Masque Manguam Benue River Nigeria,,,,,,,,,0,,1
0,Fer fétiché avec crâne Fon Bénin,,,,,,,,,0,,1
0,Grand fétiche trois têtes de jugement Bénin,,,,,,,,,0,,1
0,"Crâne ""lié"" Fon Bénin",,,,,,,,,0,,1
0,Poterie Mamy Wata trois têtes Togo,,,,,,,,,0,,1
0,Petit crâne en jade néphrite Hongshan,,,,,,,,,0,,8
0,Petit crâne en jade glass impacted meteoric Hongshan,,,,,,,,,0,,8
0,Couple de masques Ogoni Nigeria,,,Gérard VERDIJK,,,,,,0,,8
0,Fétiche Songyé Luba Congo,,,Edouard ANDRE,,,,,,0,,8
0,Deux chapeaux de féticheurs Fon Bénin,,,,,,,,,0,,2
0,Fétiche Ewe Adja Togo,,,,,,,,,0,,2
0,Fétiche Adja Togo,,,,,,,,,0,,2
0,Crucifix fétiché Fon Bénin,,,,,,,,,0,,1
0,Tibia fétiché Fon Bénin,,,,,,,,,0,,1
0,Sac de féticheur Fon Bénin,,,,,,,,,0,,1
0,Personnage autel Aza Togo,,,,,,,,,0,,1
0,Crâne emballé Fon Bénin,,,,,,,,,0,,1
0,Petite bouteille dont statuette Fon Bénin,,,,,,,,,0,,1
0,Pot à l'oisillon Ouidah Bénin,,,,,,,,,0,,1
0,Crocodile à la pierre Mamy Wata Togo,,,,,,,,,0,,1
0,Statuette métal fétichée Dogon Mali,,,,,,,,,0,,1
0,Fétiche Tron à la corne Bénin,,,,,,,,,0,,1
0,Cavalier éléphant bronze Katoka Ghana,,,,,,,,,0,,1
0,Enseigne de féticheur Fon Bénin,,,,,,,,,0,,1
0,Sceptre Eshu Yoruba Nigeria,,,,,,,,,0,,1
0,Siège royal Fon Bénin,,,,,,,,,0,,1
0,Fétiche de protection de chasseur Gen Togo,,,,,,,,,0,,1
0,Fétiche chèvre à l'enfant Fon Bénin,,,,,,,,,0,,1
0,Fétiche double os long Fon Bénin,,,,,,,,,0,,2
0,Fétiche Hévioso Shango Aja Ewe Togo,,,,,,,,,0,,2
0,Crâne singe cadenas shango Fon Bénin,,,,,,,,,0,,2
0,Fétiche encordé Hevioso Dan Ewe Togo,,,,,,,,,0,,2
0,Calebasse de rituel à crâne de singe,,,,,,,,,0,,2
0,Crâne de singe shango,,,,,,,,,0,,2
0,Grand tablier Kokun Yoruba Nigeria,,,,,,,,,0,,1
0,Cräne babouin tressage osier Yoruba Nigeria,,,,,,,,,0,,1
0,Boîte de féticheur Fon Bénin,,,,,,,,,0,,1
0,Petit pot vaudou Ouidah Bénin,,,,,,,,,0,,1
0,Pendentif Fon Bénin,,,,,,,,,0,,1
0,Petit bronze Yoruba Nigeria,,,,,,,,,0,,1
0,Horloge fétichée Fon Bénin,,,,,,,,,0,,1
0,Memento Mori Bornéo,,,,,,,,,0,,1
0,Fétiche crâne de crocdile Fon Bénin,,,,,,,,,0,,2
0,Panneau d'autel de féticheur Fon Nago Bénin,,,,,,,,,0,,1
0,Grand fétiche de protection Ouidah,,,,,,,,,0,,1
0,Crâne de singe calebasse Fon Bénin,,,,,,,,,0,,1
0,Fétiche noir coupeur de sorts Fon Bénin,,,,,,,,,0,,1
0,Crâne humain d'autel Fon Bénin,,,,,,,,,0,,1
0,Deux masques Baroba Libéria,,,,,,,,,0,,1
0,Crâne trophée Asmat Nlle Guinée,,,,,,,,,0,,3
0,Maison de crâne Iles Salomon,,,,,,,,,0,,3
0,Hache funéraire Hongshan Chine jadéite,,,,,,,,,0,,8
0,Hache funéraire Hongshan Chine jadéite,,,,,,,,,0,,8
0,Tête de Bouddah Nord Chine Tibet Xve,,,,,,,,,0,,8
0,Crâne surmodelé Vanuatu Nlles Hébrides,,,,,,,,,0,,3
0,Crâne et monnaies de pierre Iles Salomon,,,,,,,,,0,,3
0,Crâne surmodelé Vanuatu Ile Malekula,,,,,,,,,0,,3
0,Chapeau de cérémonie vaudou Bénin,,,,,,,,,0,,2
0,Fétiche Tron Fon Bénin,,,,,,,,,0,,2
0,Crâne cochon sauvage fétiche Fon Bénin,,,,,,,,,0,,2
0,Grand fétiche Ewe Togo,,,,,,,,,0,,2
0,Statuette fétiche calao Fon Bénin,,,,,,,,,0,,2
0,Crâne Hongshang Chine jadéite,,,,,,,,,0,,8
0,Pendentif à deux têtes dragon Zhulong / Honschang,,,,,,,,,0,,8
0,Crâne Bizango Haïti,,,,,,,,,0,,3
0,Fétiche aux 3 bustes et drapeau Ewe Ghana,,,,,,,,,0,,2
0,Crâne d'autel vaudou Fon Bénin,,,,,,,,,0,,2
0,Bocio à crâne et asen Fon Bénin,,,,,,,,,0,,2
0,Haut de piquet bocio raviné Fon Bénin,,,,,,,,,0,,2
0,Cavalier de la Nuit Togo,,,,,,,,,0,,1
0,Petit Centaure Togo,,,,,,,,,0,,1
0,Grand autel Fon Ewe Togo,,,,,,,,,0,,1
0,Statue Ofo Nigeria,,,,,,,,,0,,1
0,Fétiche double ligoté Fon Togo,,,,,,,,,0,,1
0,Fétiche médecine au calao Fon Togo,,,,,,,,,0,,1
0,Crâne phacochère de jugement Fon Togo,,,,,,,,,0,,1
0,Crâne de babouin Fon Togo,,,,,,,,,0,,1
0,fétiche de protection accouchement Fon Togo,,,,,,,,,0,,1
0,Jumeau mort Fon Togo,,,,,,,,,0,,1
0,Shnago Fon Togo,,,,,,,,,0,,1
0,Grand fétiche à corne Fon Togo,,,,,,,,,0,,1
0,Bec de canard Fon Togo,,,,,,,,,0,,1
0,Petit crucifix Fon Togo,,,,,,,,,0,,1
0,Petit couple fétiche Ashanti Ghana,,,,,,,,,0,,1
0,Masque médecine Nupé Nigeria,,,,,,,,,0,,1
0,N'kishi aux mains liées Congo,,,André SCHOELLER,,,,,,0,,1
0,Statue féminine articulée Atie Ghana,,,,,,,,,0,,1
0,Autel de phallus Fon Bénin,,,,,,,,,0,,1
0,Masque heaume Koro Nigeria,,,,,,,,,0,,1
0,Petit cräne Dayak Bornéo,,,,,,,,,0,,3
